,12378,12379,12382,12385,12386,12387,12388,12390,12391,12397,12398,12399,12400,12401,12403,12406,12408,12409,12410,12411,12412,12413,12414,12415,12416,12417,12418,12421,12422,12426
b_field_pol_probe_cc_field::XMC_CC/MV/201,31.013051823416504,27.710780370072406,,,,,,,,34.579177284310155,34.55535324107793,40.9816091954023,28.619771863117872,27.102906145783706,37.50929614873838,27.890780141843972,29.964536243180046,24.55489271665526,33.093696598300085,28.558823529411764,34.70206310679612,24.20186203977994,26.828066660966364,29.800390625000002,25.30745923749278,25.708557255064076,25.934359438660024,28.742947093786302,24.650431034482757,35.49497487437186
b_field_pol_probe_cc_field::XMC_CC/MV/210,100.0,100.0,,,,,,,,100.0,100.0,100.0,100.0,100.0,100.0,100.0,100.0,100.0,100.0,100.0,100.0,100.0,100.0,100.0,100.0,100.0,100.0,100.0,100.0,100.0
b_field_pol_probe_cc_field::XMC_CC/MV/220,100.0,100.0,,,,,,,,100.0,100.0,100.0,100.0,100.0,100.0,100.0,100.0,100.0,100.0,100.0,100.0,100.0,100.0,100.0,100.0,100.0,100.0,100.0,100.0,100.0
b_field_pol_probe_cc_field::XMC_CC/MV/230,100.0,100.0,,,,,,,,100.0,100.0,100.0,100.0,100.0,100.0,100.0,100.0,100.0,100.0,100.0,100.0,100.0,100.0,100.0,100.0,100.0,100.0,100.0,100.0,100.0
b_field_pol_probe_cc_field::XMC_CC/MV/240,100.0,100.0,,,,,,,,100.0,100.0,100.0,100.0,100.0,100.0,100.0,100.0,100.0,100.0,100.0,100.0,100.0,100.0,100.0,100.0,100.0,100.0,100.0,100.0,100.0
b_field_pol_probe_ccbv_field::AMB_CCBV01,0.0,0.0,0.0,0.0,0.0,0.0,0.0,0.0,0.0,0.0,0.0,0.0,0.0,0.0,0.0,0.0,0.0,0.0,0.0,0.0,0.0,0.0,0.0,0.0,0.0,0.0,0.0,0.0,0.0,0.0
b_field_pol_probe_ccbv_field::AMB_CCBV02,0.0,0.0,0.0,0.0,0.0,0.0,0.0,0.0,0.0,0.0,0.0,0.0,0.0,0.0,0.0,0.0,0.0,0.0,0.0,0.0,0.0,0.0,0.0,0.0,0.0,0.0,0.0,0.0,0.0,0.0
b_field_pol_probe_ccbv_field::AMB_CCBV03,0.0,0.0,0.0,0.0,0.0,0.0,0.0,0.0,0.0,0.0,0.0,0.0,0.0,0.0,0.0,0.0,0.0,0.0,0.0,0.0,0.0,0.0,0.0,0.0,0.0,0.0,0.0,0.0,0.0,0.0
b_field_pol_probe_ccbv_field::AMB_CCBV04,0.0,0.0,0.0,0.0,0.0,0.0,0.0,0.0,0.0,0.0,0.0,0.0,0.0,0.0,0.0,0.0,0.0,0.0,0.0,0.0,0.0,0.0,0.0,0.0,0.0,0.0,0.0,0.0,0.0,0.0
b_field_pol_probe_ccbv_field::AMB_CCBV05,0.0,0.0,0.0,0.0,0.0,0.0,0.0,0.0,0.0,0.0,0.0,0.0,0.0,0.0,0.0,0.0,0.0,0.0,0.0,0.0,0.0,0.0,0.0,0.0,0.0,0.0,0.0,0.0,0.0,0.0
b_field_pol_probe_ccbv_field::AMB_CCBV06,0.0,0.0,0.0,0.0,0.0,0.0,0.0,0.0,0.0,0.0,0.0,0.0,0.0,0.0,0.0,0.0,0.0,0.0,0.0,0.0,0.0,0.0,0.0,0.0,0.0,0.0,0.0,0.0,0.0,0.0
b_field_pol_probe_ccbv_field::AMB_CCBV07,0.0,0.0,0.0,0.0,0.0,0.0,0.0,0.0,0.0,0.0,0.0,0.0,0.0,0.0,0.0,0.0,0.0,0.0,0.0,0.0,0.0,0.0,0.0,0.0,0.0,0.0,0.0,0.0,0.0,0.0
b_field_pol_probe_ccbv_field::AMB_CCBV08,0.0,0.0,0.0,0.0,0.0,0.0,0.0,0.0,0.0,0.0,0.0,0.0,0.0,0.0,0.0,0.0,0.0,0.0,0.0,0.0,0.0,0.0,0.0,0.0,0.0,0.0,0.0,0.0,0.0,0.0
b_field_pol_probe_ccbv_field::AMB_CCBV09,0.0,0.0,0.0,0.0,0.0,0.0,0.0,0.0,0.0,0.0,0.0,0.0,0.0,0.0,0.0,0.0,0.0,0.0,0.0,0.0,0.0,0.0,0.0,0.0,0.0,0.0,0.0,0.0,0.0,0.0
b_field_pol_probe_ccbv_field::AMB_CCBV10,100.0,100.0,100.0,100.0,100.0,100.0,100.0,100.0,100.0,100.0,100.0,100.0,100.0,100.0,100.0,100.0,100.0,100.0,100.0,100.0,100.0,100.0,100.0,100.0,100.0,100.0,100.0,100.0,100.0,100.0
b_field_pol_probe_ccbv_field::AMB_CCBV11,0.0,0.0,0.0,0.0,0.0,0.0,0.0,0.0,0.0,0.0,0.0,0.0,0.0,0.0,0.0,0.0,0.0,0.0,0.0,0.0,0.0,0.0,0.0,0.0,0.0,0.0,0.0,0.0,0.0,0.0
b_field_pol_probe_ccbv_field::AMB_CCBV12,0.0,0.0,0.0,0.0,0.0,0.0,0.0,0.0,0.0,0.0,0.0,0.0,0.0,0.0,0.0,0.0,0.0,0.0,0.0,0.0,0.0,0.0,0.0,0.0,0.0,0.0,0.0,0.0,0.0,0.0
b_field_pol_probe_ccbv_field::AMB_CCBV13,0.0,0.0,0.0,0.0,0.0,0.0,0.0,0.0,0.0,0.0,0.0,0.0,0.0,0.0,0.0,0.0,0.0,0.0,0.0,0.0,0.0,0.0,0.0,0.0,0.0,0.0,0.0,0.0,0.0,0.0
b_field_pol_probe_ccbv_field::AMB_CCBV14,0.0,0.0,0.0,0.0,0.0,0.0,0.0,0.0,0.0,0.0,0.0,0.0,0.0,0.0,0.0,0.0,0.0,0.0,0.0,0.0,0.0,0.0,0.0,0.0,0.0,0.0,0.0,0.0,0.0,0.0
b_field_pol_probe_ccbv_field::AMB_CCBV15,0.0,0.0,0.0,0.0,0.0,0.0,0.0,0.0,0.0,0.0,0.0,0.0,0.0,0.0,0.0,0.0,0.0,0.0,0.0,0.0,0.0,0.0,0.0,0.0,0.0,0.0,0.0,0.0,0.0,0.0
b_field_pol_probe_ccbv_field::AMB_CCBV16,0.0,0.0,0.0,0.0,0.0,0.0,0.0,0.0,0.0,0.0,0.0,0.0,0.0,0.0,0.0,0.0,0.0,0.0,0.0,0.0,0.0,0.0,0.0,0.0,0.0,0.0,0.0,0.0,0.0,0.0
b_field_pol_probe_ccbv_field::AMB_CCBV17,0.0,0.0,0.0,0.0,0.0,0.0,0.0,0.0,0.0,0.0,0.0,0.0,0.0,0.0,0.0,0.0,0.0,0.0,0.0,0.0,0.0,0.0,0.0,0.0,0.0,0.0,0.0,0.0,0.0,0.0
b_field_pol_probe_ccbv_field::AMB_CCBV18,0.0,0.0,0.0,0.0,0.0,0.0,0.0,0.0,0.0,0.0,0.0,0.0,0.0,0.0,0.0,0.0,0.0,0.0,0.0,0.0,0.0,0.0,0.0,0.0,0.0,0.0,0.0,0.0,0.0,0.0
b_field_pol_probe_ccbv_field::AMB_CCBV19,0.0,0.0,0.0,0.0,0.0,0.0,0.0,0.0,0.0,0.0,0.0,0.0,0.0,0.0,0.0,0.0,0.0,0.0,0.0,0.0,0.0,0.0,0.0,0.0,0.0,0.0,0.0,0.0,0.0,0.0
b_field_pol_probe_ccbv_field::AMB_CCBV20,0.0,0.0,0.0,0.0,0.0,0.0,0.0,0.0,0.0,0.0,0.0,0.0,0.0,0.0,0.0,0.0,0.0,0.0,0.0,0.0,0.0,0.0,0.0,0.0,0.0,0.0,0.0,0.0,0.0,0.0
b_field_pol_probe_ccbv_field::AMB_CCBV21,0.0,0.0,0.0,0.0,0.0,0.0,0.0,0.0,0.0,0.0,0.0,0.0,0.0,0.0,0.0,0.0,0.0,0.0,0.0,0.0,0.0,0.0,0.0,0.0,0.0,0.0,0.0,0.0,0.0,0.0
b_field_pol_probe_ccbv_field::AMB_CCBV22,0.0,0.0,0.0,0.0,0.0,0.0,0.0,0.0,0.0,0.0,0.0,0.0,0.0,0.0,0.0,0.0,0.0,0.0,0.0,0.0,0.0,0.0,0.0,0.0,0.0,0.0,0.0,0.0,0.0,0.0
b_field_pol_probe_ccbv_field::AMB_CCBV23,0.0,0.0,0.0,0.0,0.0,0.0,0.0,0.0,0.0,0.0,0.0,0.0,0.0,0.0,0.0,0.0,0.0,0.0,0.0,0.0,0.0,0.0,0.0,0.0,0.0,0.0,0.0,0.0,0.0,0.0
b_field_pol_probe_ccbv_field::AMB_CCBV24,0.0,0.0,0.0,0.0,0.0,0.0,0.0,0.0,0.0,0.0,0.0,0.0,0.0,0.0,0.0,0.0,0.0,0.0,0.0,0.0,0.0,0.0,0.0,0.0,0.0,0.0,0.0,0.0,0.0,0.0
b_field_pol_probe_ccbv_field::AMB_CCBV25,0.0,0.0,0.0,0.0,0.0,0.0,0.0,0.0,0.0,0.0,0.0,0.0,0.0,0.0,0.0,0.0,0.0,0.0,0.0,0.0,0.0,0.0,0.0,0.0,0.0,0.0,0.0,0.0,0.0,0.0
b_field_pol_probe_ccbv_field::AMB_CCBV26,0.0,0.0,0.0,0.0,0.0,0.0,0.0,0.0,0.0,0.0,0.0,0.0,0.0,0.0,0.0,0.0,0.0,0.0,0.0,0.0,0.0,0.0,0.0,0.0,0.0,0.0,0.0,0.0,0.0,0.0
b_field_pol_probe_ccbv_field::AMB_CCBV27,0.0,0.0,0.0,0.0,0.0,0.0,0.0,0.0,0.0,0.0,0.0,0.0,0.0,0.0,0.0,0.0,0.0,0.0,0.0,0.0,0.0,0.0,0.0,0.0,0.0,0.0,0.0,0.0,0.0,0.0
b_field_pol_probe_ccbv_field::AMB_CCBV28,0.0,0.0,0.0,0.0,0.0,0.0,0.0,0.0,0.0,0.0,0.0,0.0,0.0,0.0,0.0,0.0,0.0,0.0,0.0,0.0,0.0,0.0,0.0,0.0,0.0,0.0,0.0,0.0,0.0,0.0
b_field_pol_probe_ccbv_field::AMB_CCBV29,0.0,0.0,0.0,0.0,0.0,0.0,0.0,0.0,0.0,0.0,0.0,0.0,0.0,0.0,0.0,0.0,0.0,0.0,0.0,0.0,0.0,0.0,0.0,0.0,0.0,0.0,0.0,0.0,0.0,0.0
b_field_pol_probe_ccbv_field::AMB_CCBV30,0.0,0.0,0.0,0.0,0.0,0.0,0.0,0.0,0.0,0.0,0.0,0.0,0.0,0.0,0.0,0.0,0.0,0.0,0.0,0.0,0.0,0.0,0.0,0.0,0.0,0.0,0.0,0.0,0.0,0.0
b_field_pol_probe_ccbv_field::AMB_CCBV31,0.0,0.0,0.0,0.0,0.0,0.0,0.0,0.0,0.0,0.0,0.0,0.0,0.0,0.0,0.0,0.0,0.0,0.0,0.0,0.0,0.0,0.0,0.0,0.0,0.0,0.0,0.0,0.0,0.0,0.0
b_field_pol_probe_ccbv_field::AMB_CCBV32,0.0,0.0,0.0,0.0,0.0,0.0,0.0,0.0,0.0,0.0,0.0,0.0,0.0,0.0,0.0,0.0,0.0,0.0,0.0,0.0,0.0,0.0,0.0,0.0,0.0,0.0,0.0,0.0,0.0,0.0
b_field_pol_probe_ccbv_field::AMB_CCBV33,0.0,0.0,0.0,0.0,0.0,0.0,0.0,0.0,0.0,0.0,0.0,0.0,0.0,0.0,0.0,0.0,0.0,0.0,0.0,0.0,0.0,0.0,0.0,0.0,0.0,0.0,0.0,0.0,0.0,0.0
b_field_pol_probe_ccbv_field::AMB_CCBV34,0.0,0.0,0.0,0.0,0.0,0.0,0.0,0.0,0.0,0.0,0.0,0.0,0.0,0.0,0.0,0.0,0.0,0.0,0.0,0.0,0.0,0.0,0.0,0.0,0.0,0.0,0.0,0.0,0.0,0.0
b_field_pol_probe_ccbv_field::AMB_CCBV35,0.0,0.0,0.0,0.0,0.0,0.0,0.0,0.0,0.0,0.0,0.0,0.0,0.0,0.0,0.0,0.0,0.0,0.0,0.0,0.0,0.0,0.0,0.0,0.0,0.0,0.0,0.0,0.0,0.0,0.0
b_field_pol_probe_ccbv_field::AMB_CCBV36,0.0,0.0,0.0,0.0,0.0,0.0,0.0,0.0,0.0,0.0,0.0,0.0,0.0,0.0,0.0,0.0,0.0,0.0,0.0,0.0,0.0,0.0,0.0,0.0,0.0,0.0,0.0,0.0,0.0,0.0
b_field_pol_probe_ccbv_field::AMB_CCBV37,0.0,0.0,0.0,0.0,0.0,0.0,0.0,0.0,0.0,0.0,0.0,0.0,0.0,0.0,0.0,0.0,0.0,0.0,0.0,0.0,0.0,0.0,0.0,0.0,0.0,0.0,0.0,0.0,0.0,0.0
b_field_pol_probe_ccbv_field::AMB_CCBV38,0.0,0.0,0.0,0.0,0.0,0.0,0.0,0.0,0.0,0.0,0.0,0.0,0.0,0.0,0.0,0.0,0.0,0.0,0.0,0.0,0.0,0.0,0.0,0.0,0.0,0.0,0.0,0.0,0.0,0.0
b_field_pol_probe_ccbv_field::AMB_CCBV39,0.0,0.0,0.0,0.0,0.0,0.0,0.0,0.0,0.0,0.0,0.0,0.0,0.0,0.0,0.0,0.0,0.0,0.0,0.0,0.0,0.0,0.0,0.0,0.0,0.0,0.0,0.0,0.0,0.0,0.0
b_field_pol_probe_ccbv_field::AMB_CCBV40,0.0,0.0,0.0,0.0,0.0,0.0,0.0,0.0,0.0,0.0,0.0,0.0,0.0,0.0,0.0,0.0,0.0,0.0,0.0,0.0,0.0,0.0,0.0,0.0,0.0,0.0,0.0,0.0,0.0,0.0
b_field_pol_probe_obr_field::AMB_OBR01,0.0,0.0,0.0,0.0,0.0,0.0,0.0,0.0,0.0,0.0,0.0,0.0,0.0,0.0,0.0,0.0,0.0,0.0,0.0,0.0,0.0,0.0,0.0,0.0,0.0,0.0,0.0,0.0,0.0,0.0
b_field_pol_probe_obr_field::AMB_OBR02,0.0,0.0,0.0,0.0,0.0,0.0,0.0,0.0,0.0,0.0,0.0,0.0,0.0,0.0,0.0,0.0,0.0,0.0,0.0,0.0,0.0,0.0,0.0,0.0,0.0,0.0,0.0,0.0,0.0,0.0
b_field_pol_probe_obr_field::AMB_OBR03,0.0,0.0,0.0,0.0,0.0,0.0,0.0,0.0,0.0,0.0,0.0,0.0,0.0,0.0,0.0,0.0,0.0,0.0,0.0,0.0,0.0,0.0,0.0,0.0,0.0,0.0,0.0,0.0,0.0,0.0
b_field_pol_probe_obr_field::AMB_OBR04,0.0,0.0,0.0,0.0,0.0,0.0,0.0,0.0,0.0,0.0,0.0,0.0,0.0,0.0,0.0,0.0,0.0,0.0,0.0,0.0,0.0,0.0,0.0,0.0,0.0,0.0,0.0,0.0,0.0,0.0
b_field_pol_probe_obr_field::AMB_OBR05,0.0,0.0,0.0,0.0,0.0,0.0,0.0,0.0,0.0,0.0,0.0,0.0,0.0,0.0,0.0,0.0,0.0,0.0,0.0,0.0,0.0,0.0,0.0,0.0,0.0,0.0,0.0,0.0,0.0,0.0
b_field_pol_probe_obr_field::AMB_OBR06,0.0,0.0,0.0,0.0,0.0,0.0,0.0,0.0,0.0,0.0,0.0,0.0,0.0,0.0,0.0,0.0,0.0,0.0,0.0,0.0,0.0,0.0,0.0,0.0,0.0,0.0,0.0,0.0,0.0,0.0
b_field_pol_probe_obr_field::AMB_OBR07,0.0,0.0,0.0,0.0,0.0,0.0,0.0,0.0,0.0,0.0,0.0,0.0,0.0,0.0,0.0,0.0,0.0,0.0,0.0,0.0,0.0,0.0,0.0,0.0,0.0,0.0,0.0,0.0,0.0,0.0
b_field_pol_probe_obr_field::AMB_OBR08,0.0,0.0,0.0,0.0,0.0,0.0,0.0,0.0,0.0,0.0,0.0,0.0,0.0,0.0,0.0,0.0,0.0,0.0,0.0,0.0,0.0,0.0,0.0,0.0,0.0,0.0,0.0,0.0,0.0,0.0
b_field_pol_probe_obr_field::AMB_OBR09,0.0,0.0,0.0,0.0,0.0,0.0,0.0,0.0,0.0,0.0,0.0,0.0,0.0,0.0,0.0,0.0,0.0,0.0,0.0,0.0,0.0,0.0,0.0,0.0,0.0,0.0,0.0,0.0,0.0,0.0
b_field_pol_probe_obr_field::AMB_OBR10,0.0,0.0,0.0,0.0,0.0,0.0,0.0,0.0,0.0,0.0,0.0,0.0,0.0,0.0,0.0,0.0,0.0,0.0,0.0,0.0,0.0,0.0,0.0,0.0,0.0,0.0,0.0,0.0,0.0,0.0
b_field_pol_probe_obr_field::AMB_OBR11,0.0,0.0,0.0,0.0,0.0,0.0,0.0,0.0,0.0,0.0,0.0,0.0,0.0,0.0,0.0,0.0,0.0,0.0,0.0,0.0,0.0,0.0,0.0,0.0,0.0,0.0,0.0,0.0,0.0,0.0
b_field_pol_probe_obr_field::AMB_OBR12,0.0,0.0,0.0,0.0,0.0,0.0,0.0,0.0,0.0,0.0,0.0,0.0,0.0,0.0,0.0,0.0,0.0,0.0,0.0,0.0,0.0,0.0,0.0,0.0,0.0,0.0,0.0,0.0,0.0,0.0
b_field_pol_probe_obr_field::AMB_OBR13,0.0,0.0,0.0,0.0,0.0,0.0,0.0,0.0,0.0,0.0,0.0,0.0,0.0,0.0,0.0,0.0,0.0,0.0,0.0,0.0,0.0,0.0,0.0,0.0,0.0,0.0,0.0,0.0,0.0,0.0
b_field_pol_probe_obr_field::AMB_OBR14,0.0,0.0,0.0,0.0,0.0,0.0,0.0,0.0,0.0,0.0,0.0,0.0,0.0,0.0,0.0,0.0,0.0,0.0,0.0,0.0,0.0,0.0,0.0,0.0,0.0,0.0,0.0,0.0,0.0,0.0
b_field_pol_probe_obr_field::AMB_OBR15,0.0,0.0,0.0,0.0,0.0,0.0,0.0,0.0,0.0,0.0,0.0,0.0,0.0,0.0,0.0,0.0,0.0,0.0,0.0,0.0,0.0,0.0,0.0,0.0,0.0,0.0,0.0,0.0,0.0,0.0
b_field_pol_probe_obr_field::AMB_OBR16,0.0,0.0,0.0,0.0,0.0,0.0,0.0,0.0,0.0,0.0,0.0,0.0,0.0,0.0,0.0,0.0,0.0,0.0,0.0,0.0,0.0,0.0,0.0,0.0,0.0,0.0,0.0,0.0,0.0,0.0
b_field_pol_probe_obr_field::AMB_OBR17,0.0,0.0,0.0,0.0,0.0,0.0,0.0,0.0,0.0,0.0,0.0,0.0,0.0,0.0,0.0,0.0,0.0,0.0,0.0,0.0,0.0,0.0,0.0,0.0,0.0,0.0,0.0,0.0,0.0,0.0
b_field_pol_probe_obr_field::AMB_OBR18,0.0,0.0,0.0,0.0,0.0,0.0,0.0,0.0,0.0,0.0,0.0,0.0,0.0,0.0,0.0,0.0,0.0,0.0,0.0,0.0,0.0,0.0,0.0,0.0,0.0,0.0,0.0,0.0,0.0,0.0
b_field_pol_probe_obv_field::AMB_OBV01,0.0,0.0,0.0,0.0,0.0,0.0,0.0,0.0,0.0,0.0,0.0,0.0,0.0,0.0,0.0,0.0,0.0,0.0,0.0,0.0,0.0,0.0,0.0,0.0,0.0,0.0,0.0,0.0,0.0,0.0
b_field_pol_probe_obv_field::AMB_OBV02,0.0,0.0,0.0,0.0,0.0,0.0,0.0,0.0,0.0,0.0,0.0,0.0,0.0,0.0,0.0,0.0,0.0,0.0,0.0,0.0,0.0,0.0,0.0,0.0,0.0,0.0,0.0,0.0,0.0,0.0
b_field_pol_probe_obv_field::AMB_OBV03,0.0,0.0,0.0,0.0,0.0,0.0,0.0,0.0,0.0,0.0,0.0,0.0,0.0,0.0,0.0,0.0,0.0,0.0,0.0,0.0,0.0,0.0,0.0,0.0,0.0,0.0,0.0,0.0,0.0,0.0
b_field_pol_probe_obv_field::AMB_OBV04,0.0,0.0,0.0,0.0,0.0,0.0,0.0,0.0,0.0,0.0,0.0,0.0,0.0,0.0,0.0,0.0,0.0,0.0,0.0,0.0,0.0,0.0,0.0,0.0,0.0,0.0,0.0,0.0,0.0,0.0
b_field_pol_probe_obv_field::AMB_OBV05,0.0,0.0,0.0,0.0,0.0,0.0,0.0,0.0,0.0,0.0,0.0,0.0,0.0,0.0,0.0,0.0,0.0,0.0,0.0,0.0,0.0,0.0,0.0,0.0,0.0,0.0,0.0,0.0,0.0,0.0
b_field_pol_probe_obv_field::AMB_OBV06,0.0,0.0,0.0,0.0,0.0,0.0,0.0,0.0,0.0,0.0,0.0,0.0,0.0,0.0,0.0,0.0,0.0,0.0,0.0,0.0,0.0,0.0,0.0,0.0,0.0,0.0,0.0,0.0,0.0,0.0
b_field_pol_probe_obv_field::AMB_OBV07,0.0,0.0,0.0,0.0,0.0,0.0,0.0,0.0,0.0,0.0,0.0,0.0,0.0,0.0,0.0,0.0,0.0,0.0,0.0,0.0,0.0,0.0,0.0,0.0,0.0,0.0,0.0,0.0,0.0,0.0
b_field_pol_probe_obv_field::AMB_OBV08,0.0,0.0,0.0,0.0,0.0,0.0,0.0,0.0,0.0,0.0,0.0,0.0,0.0,0.0,0.0,0.0,0.0,0.0,0.0,0.0,0.0,0.0,0.0,0.0,0.0,0.0,0.0,0.0,0.0,0.0
b_field_pol_probe_obv_field::AMB_OBV09,0.0,0.0,0.0,0.0,0.0,0.0,0.0,0.0,0.0,0.0,0.0,0.0,0.0,0.0,0.0,0.0,0.0,0.0,0.0,0.0,0.0,0.0,0.0,0.0,0.0,0.0,0.0,0.0,0.0,0.0
b_field_pol_probe_obv_field::AMB_OBV10,100.0,100.0,100.0,100.0,100.0,100.0,100.0,100.0,100.0,100.0,100.0,100.0,100.0,100.0,100.0,100.0,100.0,100.0,100.0,100.0,100.0,100.0,100.0,100.0,100.0,100.0,100.0,100.0,100.0,100.0
b_field_pol_probe_obv_field::AMB_OBV11,0.0,0.0,0.0,0.0,0.0,0.0,0.0,0.0,0.0,0.0,0.0,0.0,0.0,0.0,0.0,0.0,0.0,0.0,0.0,0.0,0.0,0.0,0.0,0.0,0.0,0.0,0.0,0.0,0.0,0.0
b_field_pol_probe_obv_field::AMB_OBV12,0.0,0.0,0.0,0.0,0.0,0.0,0.0,0.0,0.0,0.0,0.0,0.0,0.0,0.0,0.0,0.0,0.0,0.0,0.0,0.0,0.0,0.0,0.0,0.0,0.0,0.0,0.0,0.0,0.0,0.0
b_field_pol_probe_obv_field::AMB_OBV13,0.0,0.0,0.0,0.0,0.0,0.0,0.0,0.0,0.0,0.0,0.0,0.0,0.0,0.0,0.0,0.0,0.0,0.0,0.0,0.0,0.0,0.0,0.0,0.0,0.0,0.0,0.0,0.0,0.0,0.0
b_field_pol_probe_obv_field::AMB_OBV14,0.0,0.0,0.0,0.0,0.0,0.0,0.0,0.0,0.0,0.0,0.0,0.0,0.0,0.0,0.0,0.0,0.0,0.0,0.0,0.0,0.0,0.0,0.0,0.0,0.0,0.0,0.0,0.0,0.0,0.0
b_field_pol_probe_obv_field::AMB_OBV15,0.0,0.0,0.0,0.0,0.0,0.0,0.0,0.0,0.0,0.0,0.0,0.0,0.0,0.0,0.0,0.0,0.0,0.0,0.0,0.0,0.0,0.0,0.0,0.0,0.0,0.0,0.0,0.0,0.0,0.0
b_field_pol_probe_obv_field::AMB_OBV16,0.0,0.0,0.0,0.0,0.0,0.0,0.0,0.0,0.0,0.0,0.0,0.0,0.0,0.0,0.0,0.0,0.0,0.0,0.0,0.0,0.0,0.0,0.0,0.0,0.0,0.0,0.0,0.0,0.0,0.0
b_field_pol_probe_obv_field::AMB_OBV17,0.0,0.0,0.0,0.0,0.0,0.0,0.0,0.0,0.0,0.0,0.0,0.0,0.0,0.0,0.0,0.0,0.0,0.0,0.0,0.0,0.0,0.0,0.0,0.0,0.0,0.0,0.0,0.0,0.0,0.0
b_field_pol_probe_obv_field::AMB_OBV18,0.0,0.0,0.0,0.0,0.0,0.0,0.0,0.0,0.0,0.0,0.0,0.0,0.0,0.0,0.0,0.0,0.0,0.0,0.0,0.0,0.0,0.0,0.0,0.0,0.0,0.0,0.0,0.0,0.0,0.0
b_field_pol_probe_omv_voltage::XMC_OMV/110,31.013051823416504,27.710780370072406,,,,,,,,34.579177284310155,34.55535324107793,40.9816091954023,28.619771863117872,27.102906145783706,37.50929614873838,27.890780141843972,29.964536243180046,24.55489271665526,33.093696598300085,28.558823529411764,34.70206310679612,24.20186203977994,26.828066660966364,29.800390625000002,25.30745923749278,25.708557255064076,25.934359438660024,28.742947093786302,24.650431034482757,35.49497487437186
b_field_pol_probe_omv_voltage::XMC_OMV/210,31.013051823416504,27.710780370072406,,,,,,,,34.579177284310155,34.55535324107793,40.9816091954023,28.619771863117872,27.102906145783706,37.50929614873838,27.890780141843972,29.964536243180046,24.55489271665526,33.093696598300085,28.558823529411764,34.70206310679612,24.20186203977994,26.828066660966364,29.800390625000002,25.30745923749278,25.708557255064076,25.934359438660024,28.742947093786302,24.650431034482757,35.49497487437186
b_field_pol_probe_omv_voltage::XMC_OMV/310,31.013051823416504,27.710780370072406,,,,,,,,34.579177284310155,34.55535324107793,40.9816091954023,28.619771863117872,27.102906145783706,37.50929614873838,27.890780141843972,29.964536243180046,24.55489271665526,33.093696598300085,28.558823529411764,34.70206310679612,24.20186203977994,26.828066660966364,29.800390625000002,25.30745923749278,25.708557255064076,25.934359438660024,28.742947093786302,24.650431034482757,35.49497487437186
b_field_tor_probe_cc_field::XMC_CC/MT/201,100.0,100.0,,,,,,,,100.0,100.0,100.0,100.0,100.0,100.0,100.0,100.0,100.0,100.0,100.0,100.0,100.0,100.0,100.0,100.0,100.0,100.0,100.0,100.0,100.0
b_field_tor_probe_cc_field::XMC_CC/MT/206,31.013051823416504,27.710780370072406,,,,,,,,34.579177284310155,34.55535324107793,40.9816091954023,28.619771863117872,27.102906145783706,37.50929614873838,27.890780141843972,29.964536243180046,24.55489271665526,33.093696598300085,28.558823529411764,34.70206310679612,24.20186203977994,26.828066660966364,29.800390625000002,25.30745923749278,25.708557255064076,25.934359438660024,28.742947093786302,24.650431034482757,35.49497487437186
b_field_tor_probe_cc_field::XMC_CC/MT/212,100.0,100.0,,,,,,,,100.0,100.0,100.0,100.0,100.0,100.0,100.0,100.0,100.0,100.0,100.0,100.0,100.0,100.0,100.0,100.0,100.0,100.0,100.0,100.0,100.0
b_field_tor_probe_saddle_field::ASM_SAD/M01,27.408829174664106,28.479485116653258,24.581105808905313,33.84243999814308,31.462169005622076,23.780895123580496,23.22319403952057,23.160089829964708,31.460272011453117,25.991991263196212,25.96504005826657,26.53530377668309,39.706681151548075,33.73034778465936,46.41434262948207,33.61702127659574,27.35775526110678,29.34805423785735,26.026581288857454,35.044865403788634,42.83980582524271,29.661447312738044,28.419038312772283,27.37890625,29.05531773409252,28.892104175279044,31.77455862381168,27.75464890369137,30.125,25.628140703517587
b_field_tor_probe_saddle_field::ASM_SAD/M02,27.408829174664106,28.479485116653258,24.581105808905313,33.84243999814308,31.462169005622076,23.780895123580496,23.22319403952057,23.160089829964708,31.460272011453117,25.991991263196212,25.96504005826657,26.53530377668309,39.706681151548075,33.73034778465936,46.41434262948207,33.61702127659574,27.35775526110678,29.34805423785735,26.026581288857454,35.044865403788634,42.83980582524271,29.661447312738044,28.419038312772283,27.37890625,29.05531773409252,28.892104175279044,31.77455862381168,27.75464890369137,30.125,25.628140703517587
b_field_tor_probe_saddle_field::ASM_SAD/M03,27.408829174664106,28.479485116653258,24.581105808905313,33.84243999814308,31.462169005622076,23.780895123580496,23.22319403952057,23.160089829964708,31.460272011453117,25.991991263196212,25.96504005826657,26.53530377668309,39.706681151548075,33.73034778465936,46.41434262948207,33.61702127659574,27.35775526110678,29.34805423785735,26.026581288857454,35.044865403788634,42.83980582524271,29.661447312738044,28.419038312772283,27.37890625,29.05531773409252,28.892104175279044,31.77455862381168,27.75464890369137,30.125,25.628140703517587
b_field_tor_probe_saddle_field::ASM_SAD/M04,27.408829174664106,28.479485116653258,24.581105808905313,33.84243999814308,31.462169005622076,23.780895123580496,23.22319403952057,23.160089829964708,31.460272011453117,25.991991263196212,25.96504005826657,26.53530377668309,39.706681151548075,33.73034778465936,46.41434262948207,33.61702127659574,27.35775526110678,29.34805423785735,26.026581288857454,35.044865403788634,42.83980582524271,29.661447312738044,28.419038312772283,27.37890625,29.05531773409252,28.892104175279044,31.77455862381168,27.75464890369137,30.125,25.628140703517587
b_field_tor_probe_saddle_field::ASM_SAD/M05,27.408829174664106,28.479485116653258,24.581105808905313,33.84243999814308,31.462169005622076,23.780895123580496,23.22319403952057,23.160089829964708,31.460272011453117,25.991991263196212,25.96504005826657,26.53530377668309,39.706681151548075,33.73034778465936,46.41434262948207,33.61702127659574,27.35775526110678,29.34805423785735,26.026581288857454,35.044865403788634,42.83980582524271,29.661447312738044,28.419038312772283,27.37890625,29.05531773409252,28.892104175279044,31.77455862381168,27.75464890369137,30.125,25.628140703517587
b_field_tor_probe_saddle_field::ASM_SAD/M06,27.408829174664106,28.479485116653258,24.581105808905313,33.84243999814308,31.462169005622076,23.780895123580496,23.22319403952057,23.160089829964708,31.460272011453117,25.991991263196212,25.96504005826657,26.53530377668309,39.706681151548075,33.73034778465936,46.41434262948207,33.61702127659574,27.35775526110678,29.34805423785735,26.026581288857454,35.044865403788634,42.83980582524271,29.661447312738044,28.419038312772283,27.37890625,29.05531773409252,28.892104175279044,31.77455862381168,27.75464890369137,30.125,25.628140703517587
b_field_tor_probe_saddle_field::ASM_SAD/M07,27.408829174664106,28.479485116653258,24.581105808905313,33.84243999814308,31.462169005622076,23.780895123580496,23.22319403952057,23.160089829964708,31.460272011453117,25.991991263196212,25.96504005826657,26.53530377668309,39.706681151548075,33.73034778465936,46.41434262948207,33.61702127659574,27.35775526110678,29.34805423785735,26.026581288857454,35.044865403788634,42.83980582524271,29.661447312738044,28.419038312772283,27.37890625,29.05531773409252,28.892104175279044,31.77455862381168,27.75464890369137,30.125,25.628140703517587
b_field_tor_probe_saddle_field::ASM_SAD/M08,27.408829174664106,28.479485116653258,24.581105808905313,33.84243999814308,31.462169005622076,23.780895123580496,23.22319403952057,23.160089829964708,31.460272011453117,25.991991263196212,25.96504005826657,26.53530377668309,39.706681151548075,33.73034778465936,46.41434262948207,33.61702127659574,27.35775526110678,29.34805423785735,26.026581288857454,35.044865403788634,42.83980582524271,29.661447312738044,28.419038312772283,27.37890625,29.05531773409252,28.892104175279044,31.77455862381168,27.75464890369137,30.125,25.628140703517587
b_field_tor_probe_saddle_field::ASM_SAD/M09,100.0,100.0,100.0,100.0,100.0,100.0,100.0,100.0,100.0,100.0,100.0,100.0,100.0,100.0,100.0,100.0,100.0,100.0,100.0,100.0,100.0,100.0,100.0,100.0,100.0,100.0,100.0,100.0,100.0,100.0
b_field_tor_probe_saddle_field::ASM_SAD/M10,100.0,100.0,100.0,100.0,100.0,100.0,100.0,100.0,100.0,100.0,100.0,100.0,100.0,100.0,100.0,100.0,100.0,100.0,100.0,100.0,100.0,100.0,100.0,100.0,100.0,100.0,100.0,100.0,100.0,100.0
b_field_tor_probe_saddle_field::ASM_SAD/M11,100.0,100.0,100.0,100.0,100.0,100.0,100.0,100.0,100.0,100.0,100.0,100.0,100.0,100.0,100.0,100.0,100.0,100.0,100.0,100.0,100.0,100.0,100.0,100.0,100.0,100.0,100.0,100.0,100.0,100.0
b_field_tor_probe_saddle_field::ASM_SAD/M12,100.0,100.0,100.0,100.0,100.0,100.0,100.0,100.0,100.0,100.0,100.0,100.0,100.0,100.0,100.0,100.0,100.0,100.0,100.0,100.0,100.0,100.0,100.0,100.0,100.0,100.0,100.0,100.0,100.0,100.0
b_field_tor_probe_saddle_voltage::XMB_SAD/OUT/M01,0.0,0.0,0.0,0.0,0.0,0.0,0.0,0.0,0.0,0.0,0.0,0.0,0.0,0.0,0.0,0.0,0.0,0.0,0.0,0.0,0.0,0.0,0.0,0.0,0.0,0.0,0.0,0.0,0.0,0.0
b_field_tor_probe_saddle_voltage::XMB_SAD/OUT/M02,0.0,0.0,0.0,0.0,0.0,0.0,0.0,0.0,0.0,0.0,0.0,0.0,0.0,0.0,0.0,0.0,0.0,0.0,0.0,0.0,0.0,0.0,0.0,0.0,0.0,0.0,0.0,0.0,0.0,0.0
b_field_tor_probe_saddle_voltage::XMB_SAD/OUT/M03,0.0,0.0,0.0,0.0,0.0,0.0,0.0,0.0,0.0,0.0,0.0,0.0,0.0,0.0,0.0,0.0,0.0,0.0,0.0,0.0,0.0,0.0,0.0,0.0,0.0,0.0,0.0,0.0,0.0,0.0
b_field_tor_probe_saddle_voltage::XMB_SAD/OUT/M04,0.0,0.0,0.0,0.0,0.0,0.0,0.0,0.0,0.0,0.0,0.0,0.0,0.0,0.0,0.0,0.0,0.0,0.0,0.0,0.0,0.0,0.0,0.0,0.0,0.0,0.0,0.0,0.0,0.0,0.0
b_field_tor_probe_saddle_voltage::XMB_SAD/OUT/M05,0.0,0.0,0.0,0.0,0.0,0.0,0.0,0.0,0.0,0.0,0.0,0.0,0.0,0.0,0.0,0.0,0.0,0.0,0.0,0.0,0.0,0.0,0.0,0.0,0.0,0.0,0.0,0.0,0.0,0.0
b_field_tor_probe_saddle_voltage::XMB_SAD/OUT/M06,0.0,0.0,0.0,0.0,0.0,0.0,0.0,0.0,0.0,0.0,0.0,0.0,0.0,0.0,0.0,0.0,0.0,0.0,0.0,0.0,0.0,0.0,0.0,0.0,0.0,0.0,0.0,0.0,0.0,0.0
b_field_tor_probe_saddle_voltage::XMB_SAD/OUT/M07,0.0,0.0,0.0,0.0,0.0,0.0,0.0,0.0,0.0,0.0,0.0,0.0,0.0,0.0,0.0,0.0,0.0,0.0,0.0,0.0,0.0,0.0,0.0,0.0,0.0,0.0,0.0,0.0,0.0,0.0
b_field_tor_probe_saddle_voltage::XMB_SAD/OUT/M08,0.0,0.0,0.0,0.0,0.0,0.0,0.0,0.0,0.0,0.0,0.0,0.0,0.0,0.0,0.0,0.0,0.0,0.0,0.0,0.0,0.0,0.0,0.0,0.0,0.0,0.0,0.0,0.0,0.0,0.0
b_field_tor_probe_saddle_voltage::XMB_SAD/OUT/M09,0.0,0.0,0.0,0.0,0.0,0.0,0.0,0.0,0.0,0.0,0.0,0.0,0.0,0.0,0.0,0.0,0.0,0.0,0.0,0.0,0.0,0.0,0.0,0.0,0.0,0.0,0.0,0.0,0.0,0.0
b_field_tor_probe_saddle_voltage::XMB_SAD/OUT/M10,100.0,100.0,100.0,100.0,100.0,100.0,100.0,100.0,100.0,100.0,100.0,100.0,100.0,100.0,100.0,100.0,100.0,100.0,100.0,100.0,100.0,100.0,100.0,100.0,100.0,100.0,100.0,100.0,100.0,100.0
b_field_tor_probe_saddle_voltage::XMB_SAD/OUT/M11,100.0,100.0,100.0,100.0,100.0,100.0,100.0,100.0,100.0,100.0,100.0,100.0,100.0,100.0,100.0,100.0,100.0,100.0,100.0,100.0,100.0,100.0,100.0,100.0,100.0,100.0,100.0,100.0,100.0,100.0
b_field_tor_probe_saddle_voltage::XMB_SAD/OUT/M12,100.0,100.0,100.0,100.0,100.0,100.0,100.0,100.0,100.0,100.0,100.0,100.0,100.0,100.0,100.0,100.0,100.0,100.0,100.0,100.0,100.0,100.0,100.0,100.0,100.0,100.0,100.0,100.0,100.0,100.0
flux_loop_flux::AMB_FL/CC03,0.0,0.0,0.0,0.0,0.0,0.0,0.0,0.0,0.0,0.0,0.0,0.0,0.0,0.0,0.0,0.0,0.0,0.0,0.0,0.0,0.0,0.0,0.0,0.0,0.0,0.0,0.0,0.0,0.0,0.0
flux_loop_flux::AMB_FL/CC04,0.0,0.0,0.0,0.0,0.0,0.0,0.0,0.0,0.0,0.0,0.0,0.0,0.0,0.0,0.0,0.0,0.0,0.0,0.0,0.0,0.0,0.0,0.0,0.0,0.0,0.0,0.0,0.0,0.0,0.0
flux_loop_flux::AMB_FL/CC05,0.0,0.0,0.0,0.0,0.0,0.0,0.0,0.0,0.0,0.0,0.0,0.0,0.0,0.0,0.0,0.0,0.0,0.0,0.0,0.0,0.0,0.0,0.0,0.0,0.0,0.0,0.0,0.0,0.0,0.0
flux_loop_flux::AMB_FL/CC07,0.0,0.0,0.0,0.0,0.0,0.0,0.0,0.0,0.0,0.0,0.0,0.0,0.0,0.0,0.0,0.0,0.0,0.0,0.0,0.0,0.0,0.0,0.0,0.0,0.0,0.0,0.0,0.0,0.0,0.0
flux_loop_flux::AMB_FL/CC09,0.0,0.0,0.0,0.0,0.0,0.0,0.0,0.0,0.0,0.0,0.0,0.0,0.0,0.0,0.0,0.0,0.0,0.0,0.0,0.0,0.0,0.0,0.0,0.0,0.0,0.0,0.0,0.0,0.0,0.0
flux_loop_flux::AMB_FL/P3L/4,0.0,0.0,0.0,0.0,0.0,0.0,0.0,0.0,0.0,0.0,0.0,0.0,0.0,0.0,0.0,0.0,0.0,0.0,0.0,0.0,0.0,0.0,0.0,0.0,0.0,0.0,0.0,0.0,0.0,0.0
flux_loop_flux::AMB_FL/P3U/1,0.0,0.0,0.0,0.0,0.0,0.0,0.0,0.0,0.0,0.0,0.0,0.0,0.0,0.0,0.0,0.0,0.0,0.0,0.0,0.0,0.0,0.0,0.0,0.0,0.0,0.0,0.0,0.0,0.0,0.0
flux_loop_flux::AMB_FL/P3U/4,0.0,0.0,0.0,0.0,0.0,0.0,0.0,0.0,0.0,0.0,0.0,0.0,0.0,0.0,0.0,0.0,0.0,0.0,0.0,0.0,0.0,0.0,0.0,0.0,0.0,0.0,0.0,0.0,0.0,0.0
flux_loop_flux::AMB_FL/P4L/1,0.0,0.0,0.0,0.0,0.0,0.0,0.0,0.0,0.0,0.0,0.0,0.0,0.0,0.0,0.0,0.0,0.0,0.0,0.0,0.0,0.0,0.0,0.0,0.0,0.0,0.0,0.0,0.0,0.0,0.0
flux_loop_flux::AMB_FL/P4L/4,0.0,0.0,0.0,0.0,0.0,0.0,0.0,0.0,0.0,0.0,0.0,0.0,0.0,0.0,0.0,0.0,0.0,0.0,0.0,0.0,0.0,0.0,0.0,0.0,0.0,0.0,0.0,0.0,0.0,0.0
flux_loop_flux::AMB_FL/P4U/4,0.0,0.0,0.0,0.0,0.0,0.0,0.0,0.0,0.0,0.0,0.0,0.0,0.0,0.0,0.0,0.0,0.0,0.0,0.0,0.0,0.0,0.0,0.0,0.0,0.0,0.0,0.0,0.0,0.0,0.0
flux_loop_flux::AMB_FL/P5L/1,0.0,0.0,0.0,0.0,0.0,0.0,0.0,0.0,0.0,0.0,0.0,0.0,0.0,0.0,0.0,0.0,0.0,0.0,0.0,0.0,0.0,0.0,0.0,0.0,0.0,0.0,0.0,0.0,0.0,0.0
flux_loop_flux::AMB_FL/P5L/4,0.0,0.0,0.0,0.0,0.0,0.0,0.0,0.0,0.0,0.0,0.0,0.0,0.0,0.0,0.0,0.0,0.0,0.0,0.0,0.0,0.0,0.0,0.0,0.0,0.0,0.0,0.0,0.0,0.0,0.0
flux_loop_flux::AMB_FL/P5U/1,0.0,0.0,0.0,0.0,0.0,0.0,0.0,0.0,0.0,0.0,0.0,0.0,0.0,0.0,0.0,0.0,0.0,0.0,0.0,0.0,0.0,0.0,0.0,0.0,0.0,0.0,0.0,0.0,0.0,0.0
flux_loop_flux::AMB_FL/P6L/1,0.0,0.0,0.0,0.0,0.0,0.0,0.0,0.0,0.0,0.0,0.0,0.0,0.0,0.0,0.0,0.0,0.0,0.0,0.0,0.0,0.0,0.0,0.0,0.0,0.0,0.0,0.0,0.0,0.0,0.0
ip,0.0,0.0,0.0,0.0,0.0,0.0,0.0,0.0,0.0,0.0,0.0,0.0,0.0,0.0,0.0,0.0,0.0,0.0,0.0,0.0,0.0,0.0,0.0,0.0,0.0,0.0,0.0,0.0,0.0,0.0
